Ferris.svg,1,3519940
Ferris.svg,2,1802645
Ferris.svg,3,1479411
Ferris.svg,4,1317879
Ferris.svg,5,1341594
Ferris.svg,6,1387167
Ferris.svg,7,1437593
Ferris.svg,8,2167675
Ferris.svg,9,1852265
Ferris.svg,10,1982403
Ferris.svg,11,1854757
Ferris.svg,12,2022332
Ferris.svg,13,2050831
Ferris.svg,14,1674974
Ferris.svg,15,1664665
Ferris.svg,16,1844956
Ferris.svg,17,1791059
Ferris.svg,18,1740125
Ferris.svg,19,1345562
Ferris.svg,20,1328370
Ferris.svg,21,1262099
Ferris.svg,22,1453378
Ferris.svg,23,1394278
Ferris.svg,24,1536769
Ferris.svg,25,2520251
Ferris.svg,26,1871242
Ferris.svg,27,2176701
Ferris.svg,28,1838863
Ferris.svg,29,1735506
Ferris.svg,30,1689442
Ferris.svg,31,1696140
Ferris.svg,32,1634301
Ferris.svg,33,1860358
Ferris.svg,34,1922078
Ferris.svg,35,2018703
Ferris.svg,36,1907035
Ferris.svg,37,1571634
Ferris.svg,38,1758539
Ferris.svg,39,1794370
Ferris.svg,40,1873820
Ferris.svg,41,1782173
Ferris.svg,42,2095488
Ferris.svg,43,1812847
Ferris.svg,44,1652683
Ferris.svg,45,1777956
Ferris.svg,46,1644889
Ferris.svg,47,1657316
Ferris.svg,48,1330402
Ferris.svg,49,1291762
Ferris.svg,50,1282224
NASA.svg,1,2503982
NASA.svg,2,1808319
NASA.svg,3,2273084
NASA.svg,4,2048074
NASA.svg,5,1910917
NASA.svg,6,2426483
NASA.svg,7,2388134
NASA.svg,8,2342857
NASA.svg,9,1809571
NASA.svg,10,1911704
NASA.svg,11,1862373
NASA.svg,12,1988332
NASA.svg,13,2611713
NASA.svg,14,2833265
NASA.svg,15,2244508
NASA.svg,16,2222249
NASA.svg,17,2315797
NASA.svg,18,2313091
NASA.svg,19,1747328
NASA.svg,20,1733206
NASA.svg,21,1880019
NASA.svg,22,2034563
NASA.svg,23,1796267
NASA.svg,24,2225668
NASA.svg,25,2539178
NASA.svg,26,2497459
NASA.svg,27,2402954
NASA.svg,28,1802693
NASA.svg,29,1811464
NASA.svg,30,1878850
NASA.svg,31,1908974
NASA.svg,32,2289491
NASA.svg,33,2079833
NASA.svg,34,2653864
NASA.svg,35,2577384
NASA.svg,36,2378930
NASA.svg,37,2114210
NASA.svg,38,1773720
NASA.svg,39,1810012
NASA.svg,40,1783342
NASA.svg,41,2385323
NASA.svg,42,2166266
NASA.svg,43,2502203
NASA.svg,44,2444364
NASA.svg,45,2289297
NASA.svg,46,2063243
NASA.svg,47,1729676
NASA.svg,48,1782566
NASA.svg,49,2211087
NASA.svg,50,2291736
Ghostscript_Tiger.svg,1,4497141
Ghostscript_Tiger.svg,2,4027284
Ghostscript_Tiger.svg,3,4006269
Ghostscript_Tiger.svg,4,3328737
Ghostscript_Tiger.svg,5,3839512
Ghostscript_Tiger.svg,6,4243337
Ghostscript_Tiger.svg,7,4556474
Ghostscript_Tiger.svg,8,3855234
Ghostscript_Tiger.svg,9,3951385
Ghostscript_Tiger.svg,10,3811962
Ghostscript_Tiger.svg,11,3694740
Ghostscript_Tiger.svg,12,4462703
Ghostscript_Tiger.svg,13,3841045
Ghostscript_Tiger.svg,14,3326483
Ghostscript_Tiger.svg,15,4284645
Ghostscript_Tiger.svg,16,4859342
Ghostscript_Tiger.svg,17,4256196
Ghostscript_Tiger.svg,18,3782303
Ghostscript_Tiger.svg,19,3310269
Ghostscript_Tiger.svg,20,3900519
Ghostscript_Tiger.svg,21,5345546
Ghostscript_Tiger.svg,22,4108290
Ghostscript_Tiger.svg,23,4067546
Ghostscript_Tiger.svg,24,3344227
Ghostscript_Tiger.svg,25,4084887
Ghostscript_Tiger.svg,26,5493915
Ghostscript_Tiger.svg,27,5390931
Ghostscript_Tiger.svg,28,5371251
Ghostscript_Tiger.svg,29,5551167
Ghostscript_Tiger.svg,30,5445854
Ghostscript_Tiger.svg,31,5457761
Ghostscript_Tiger.svg,32,5501225
Ghostscript_Tiger.svg,33,5463384
Ghostscript_Tiger.svg,34,5348300
Ghostscript_Tiger.svg,35,5411205
Ghostscript_Tiger.svg,36,5538940
Ghostscript_Tiger.svg,37,5417890
Ghostscript_Tiger.svg,38,5340637
Ghostscript_Tiger.svg,39,5484902
Ghostscript_Tiger.svg,40,5486396
Ghostscript_Tiger.svg,41,4754006
Ghostscript_Tiger.svg,42,3477480
Ghostscript_Tiger.svg,43,4481542
Ghostscript_Tiger.svg,44,5023888
Ghostscript_Tiger.svg,45,4466585
Ghostscript_Tiger.svg,46,3573832
Ghostscript_Tiger.svg,47,4491068
Ghostscript_Tiger.svg,48,4700195
Ghostscript_Tiger.svg,49,4358934
Ghostscript_Tiger.svg,50,4357512
Flag_of_Denmark.svg,1,16784
Flag_of_Denmark.svg,2,13098
Flag_of_Denmark.svg,3,9254
Flag_of_Denmark.svg,4,8731
Flag_of_Denmark.svg,5,8563
Flag_of_Denmark.svg,6,8711
Flag_of_Denmark.svg,7,8655
Flag_of_Denmark.svg,8,8679
Flag_of_Denmark.svg,9,8632
Flag_of_Denmark.svg,10,8682
Flag_of_Denmark.svg,11,8691
Flag_of_Denmark.svg,12,8559
Flag_of_Denmark.svg,13,8680
Flag_of_Denmark.svg,14,8655
Flag_of_Denmark.svg,15,8650
Flag_of_Denmark.svg,16,8654
Flag_of_Denmark.svg,17,8484
Flag_of_Denmark.svg,18,8541
Flag_of_Denmark.svg,19,8664
Flag_of_Denmark.svg,20,8533
Flag_of_Denmark.svg,21,8562
Flag_of_Denmark.svg,22,8565
Flag_of_Denmark.svg,23,8611
Flag_of_Denmark.svg,24,8652
Flag_of_Denmark.svg,25,8595
Flag_of_Denmark.svg,26,8606
Flag_of_Denmark.svg,27,8619
Flag_of_Denmark.svg,28,8538
Flag_of_Denmark.svg,29,8659
Flag_of_Denmark.svg,30,11149
Flag_of_Denmark.svg,31,11034
Flag_of_Denmark.svg,32,12066
Flag_of_Denmark.svg,33,8027
Flag_of_Denmark.svg,34,7621
Flag_of_Denmark.svg,35,7469
Flag_of_Denmark.svg,36,7384
Flag_of_Denmark.svg,37,7390
Flag_of_Denmark.svg,38,9114
Flag_of_Denmark.svg,39,11690
Flag_of_Denmark.svg,40,8061
Flag_of_Denmark.svg,41,13255
Flag_of_Denmark.svg,42,8126
Flag_of_Denmark.svg,43,14522
Flag_of_Denmark.svg,44,10336
Flag_of_Denmark.svg,45,13386
Flag_of_Denmark.svg,46,13888
Flag_of_Denmark.svg,47,8881
Flag_of_Denmark.svg,48,8727
Flag_of_Denmark.svg,49,12384
Flag_of_Denmark.svg,50,8942
ASU.svg,1,347602
ASU.svg,2,424971
ASU.svg,3,543782
ASU.svg,4,416532
ASU.svg,5,489298
ASU.svg,6,482399
ASU.svg,7,437898
ASU.svg,8,426520
ASU.svg,9,451551
ASU.svg,10,480560
ASU.svg,11,453595
ASU.svg,12,400088
ASU.svg,13,383249
ASU.svg,14,382992
ASU.svg,15,451834
ASU.svg,16,390244
ASU.svg,17,635902
ASU.svg,18,369826
ASU.svg,19,384742
ASU.svg,20,481021
ASU.svg,21,524689
ASU.svg,22,492621
ASU.svg,23,374756
ASU.svg,24,471208
ASU.svg,25,501178
ASU.svg,26,523974
ASU.svg,27,462328
ASU.svg,28,456795
ASU.svg,29,462603
ASU.svg,30,480294
ASU.svg,31,471722
ASU.svg,32,479990
ASU.svg,33,482701
ASU.svg,34,399228
ASU.svg,35,336718
ASU.svg,36,362849
ASU.svg,37,353649
ASU.svg,38,394286
ASU.svg,39,361173
ASU.svg,40,380100
ASU.svg,41,374563
ASU.svg,42,414631
ASU.svg,43,500509
ASU.svg,44,434063
ASU.svg,45,337703
ASU.svg,46,352472
ASU.svg,47,368585
ASU.svg,48,436579
ASU.svg,49,444231
ASU.svg,50,433218
